"peer_skip_id","peer_submission_id","jhu_user_id","peer_skip_created_ts","peer_skip_type","peer_skip_text"
"2f2012a4","24599d87","2e605bb4","2016-10-28 16:15:19","plagiarism","Some text"
"1bbb5ca6","aa8e4ca6","8f1d0ec7","2017-03-09 12:25:11","other","Some text"
"7a3fc7f6","60aa9867","ab59a88c","2016-03-05 17:19:55","plagiarism","Some text"
"d8839f7f","5f6dec99","2e02d43","2016-08-23 12:56:01","incompleteSubmission","Some text"
"2e4de331","707221e","6d7ef434","2017-03-21 17:48:28","plagiarism","Some text"
"f6731a5e","74650ecd","7065661e","2016-05-16 20:02:18","plagiarism","Some text"
"6d8ca6a3","1cedae6","ecead75f","2017-06-24 14:06:46","other","Some text"
"776a06f6","3c4facff","cdb6f918","2016-03-06 22:21:26","incompleteSubmission","Some text"
"8a7d9f2d","84ee913a","351ee2d9","2017-07-19 13:57:52","plagiarism","Some text"
"9a83457f","ac264a9f","f392c0ba","2016-06-30 20:57:13","incompleteSubmission","Some text"
"6807c451","e2c891a6","6c05fcf6","2017-04-05 22:43:30","plagiarism","Some text"
"54f1777e","5fd04e86","c9033dca","2016-08-28 17:40:32","plagiarism","Some text"
"1ac229d5","475ac9a8","fcd5cdc4","2016-03-05 17:12:20","incompleteSubmission","Some text"
"bcfeca56","5b6cbb99","9db4beaa","2017-05-12 14:13:18","plagiarism","Some text"
"6d312834","4a583ce4","20647f94","2016-04-26 17:38:28","incompleteSubmission","Some text"
"f70a111b","ed58a9b4","e26a9a41","2016-05-09 10:13:24","plagiarism","Some text"
"d95d8d44","4fa72481","e40dbb1d","2017-07-18 16:06:05","plagiarism","Some text"
"8db7f3e4","d4322090","48d319ee","2016-12-23 19:24:41","plagiarism","Some text"
"83342e14","4a25cfc2","78611b07","2017-04-23 22:02:35","plagiarism","Some text"
"fcf94194","47d83c65","f4efee1c","2016-03-03 21:00:28","incompleteSubmission","Some text"
"c8e5e882","f71b645b","8f1d0ec7","2016-04-08 00:16:55","plagiarism","Some text"
"d0b17340","22afd350","9db4beaa","2016-06-14 17:39:39","plagiarism","Some text"
"ed44eea1","db1dc6b1","a2f72273","2016-05-13 13:22:19","plagiarism","Some text"
"7d651d5a","618850c2","44b17075","2017-01-16 17:02:32","incompleteSubmission","Some text"
"db7bc240","801423e1","af25b22c","2017-09-04 13:48:51","incompleteSubmission","Some text"
"321f82b3","ddac797d","986c679d","2016-02-15 02:43:59","incompleteSubmission","Some text"
"2737566c","5edfb374","936819f1","2016-10-12 15:25:33","incompleteSubmission","Some text"
"56bc0397","523119a","2f8b007a","2016-03-01 12:02:58","plagiarism","Some text"
"26f22f82","6f8b765b","e5bc07fd","2016-04-03 20:19:39","plagiarism","Some text"
"2fcdea4","22fed757","6fe4c13","2016-03-25 18:52:28","incompleteSubmission","Some text"
"86e549ff","f34ca013","53e7d6fa","2017-04-14 20:43:56","plagiarism","Some text"
"a88c9b17","f70c0f19","feb05e4a","2016-06-06 01:10:28","plagiarism","Some text"
"5ef45ece","b9f7e08b","a915e3f3","2016-04-27 19:19:17","other","Some text"
"3d341368","d4b440c3","ae568fb9","2017-05-02 14:55:05","incompleteSubmission","Some text"
"8105b558","d40ef08d","91d6938c","2017-01-30 23:06:29","other","Some text"
"629f06d6","898b46ad","61530247","2017-03-06 04:40:06","plagiarism","Some text"
"9991df6d","e88f2b63","26c8f2fa","2017-01-02 20:51:05","other","Some text"
"1f3694b0","58cb9be4","801504a5","2016-10-16 12:38:13","plagiarism","Some text"
"2f2cb9b2","7f34f1aa","cdc82c01","2017-05-02 20:15:59","incompleteSubmission","Some text"
"31aff13f","6c9df955","a6c4776b","2017-01-06 19:17:32","incompleteSubmission","Some text"
"2d411758","a106fe9a","8fa4a1a2","2017-09-17 15:18:25","plagiarism","Some text"
"a7dff689","513e9bbf","a08f566a","2016-05-24 11:43:02","incompleteSubmission","Some text"
"9e5a6f4","3b10052f","20647f94","2016-10-28 16:17:40","incompleteSubmission","Some text"
"79b79936","e2a064fc","d328a54e","2017-08-10 23:41:28","inappropriateContent","Some text"
"2653fe45","bb92c743","13cf7e14","2016-09-26 18:15:38","incompleteSubmission","Some text"
"b125ec99","e88f2b63","41cd0618","2017-07-16 05:46:25","incompleteSubmission","Some text"
"b922230c","27a8874b","f080f13f","2017-01-17 13:18:42","plagiarism","Some text"
"c32a0325","40b94bc9","124603fe","2017-01-16 16:52:37","plagiarism","Some text"
"78c65d62","63d480ec","9b2f9152","2016-05-02 06:42:15","plagiarism","Some text"
"6f3a0c4d","1b652827","8f1d0ec7","2016-07-20 04:02:08","incompleteSubmission","Some text"
"ccbac433","695d8901","8557fa39","2017-04-14 20:29:29","incompleteSubmission","Some text"
"12a1258c","70d851f7","39677c1d","2017-04-27 03:17:53","plagiarism","Some text"
"5ac9c209","d6fcae09","feb05e4a","2016-04-04 05:03:55","incompleteSubmission","Some text"
"b72eeac4","4a084eba","6759a3b0","2016-06-28 11:49:17","incompleteSubmission","Some text"
"f1e69c37","65bb4429","30b4950a","2016-03-16 01:01:08","plagiarism","Some text"
"dd4605fb","cc05af6a","5c0a8ec9","2016-05-05 15:35:51","plagiarism","Some text"
"c05dd366","612cc3e9","ad5214e6","2016-08-08 00:36:58","incompleteSubmission","Some text"
"bd564a32","671b407c","20495995","2016-09-12 17:39:51","incompleteSubmission","Some text"
"1ae3fde6","b322de7d","a2f72273","2017-08-08 10:56:07","plagiarism","Some text"
"1a0b882a","d19edcfd","44b3fb0f","2017-08-06 21:45:31","incompleteSubmission","Some text"
"21113571","ae9ca2fd","85906bc0","2016-08-22 22:49:46","incompleteSubmission","Some text"
"35c394c6","e34082f0","ba664439","2016-12-25 06:19:01","incompleteSubmission","Some text"
"627cf53e","5991a56e","f04731fd","2017-05-02 14:51:58","plagiarism","Some text"
"5fe237e","4a25cfc2","8d65623","2016-08-08 01:09:52","other","Some text"
"eb75e217","74e78ab4","405224a5","2017-04-10 03:04:46","plagiarism","Some text"
"bb40a93c","8e3d4997","89bc88e7","2016-05-28 22:06:47","plagiarism","Some text"
"2f5de056","3d064397","82ba166b","2016-04-12 16:18:15","incompleteSubmission","Some text"
"fcd1f399","d60d0fb1","31c67de3","2016-05-06 08:24:44","incompleteSubmission","Some text"
"1ba353d0","715668df","2e02d43","2016-05-13 13:27:30","incompleteSubmission","Some text"
"e357e30d","7275dfa5","6c05fcf6","2017-02-07 03:43:36","plagiarism","Some text"
"d6ae87d0","635b4e72","b4fda8d","2016-12-30 18:35:42","plagiarism","Some text"
"6e521cf2","be358d8f","38fbb8d4","2016-10-16 01:51:23","incompleteSubmission","Some text"
"3ae9f8c6","61b966e0","8fa4a1a2","2016-04-12 12:11:11","incompleteSubmission","Some text"
"f13cbcbb","e50f7ee1","3ff659ce","2016-06-24 23:10:22","plagiarism","Some text"
"c42d31a","d5900f3c","6a407f31","2016-07-07 17:29:58","plagiarism","Some text"
"d6850278","cfcfc2c3","e26a9a41","2016-02-04 12:52:06","incompleteSubmission","Some text"
"7de23e4a","6ce08b9b","73afe99b","2017-09-17 15:15:02","incompleteSubmission","Some text"
"ef4ba64d","6e605a47","89bc88e7","2017-01-23 00:32:03","incompleteSubmission","Some text"
"89aa444f","73ef0a49","6c05fcf6","2017-05-02 14:52:55","incompleteSubmission","Some text"
"4efd455a","135b81dd","30b4950a","2016-03-14 01:14:35","incompleteSubmission","Some text"
"ea463681","ee7ae25f","89ec8183","2017-01-16 17:06:13","plagiarism","Some text"
"6ef919e3","1b472ebb","6b4ad411","2017-06-20 01:17:28","incompleteSubmission","Some text"
"a458a80b","1d4001cc","82ba166b","2017-05-04 17:56:16","other","Some text"
"b961865e","57a7c7c3","77af40db","2017-01-04 08:49:28","other","Some text"
"c71b98da","2c0e349a","f7330002","2016-05-13 13:18:30","plagiarism","Some text"
"df80c096","e65a0d4b","c3e5bcd4","2017-02-23 21:49:40","incompleteSubmission","Some text"
"1888b092","ba1c73b0","4008c182","2016-03-12 13:04:30","plagiarism","Some text"
"96d5dfc9","e2c891a6","7f0204b5","2016-03-04 23:01:01","other","Some text"
"a51b6cc3","1cbd41d7","d25c5db4","2016-01-28 03:32:13","incompleteSubmission","Some text"
"3524fda4","4837e369","64ec3288","2017-04-17 17:14:18","incompleteSubmission","Some text"
"1a20a9b0","43f6400c","5efcf706","2016-08-11 23:48:30","incompleteSubmission","Some text"
"1c9a760","d3574375","d1da040f","2016-02-15 20:56:43","incompleteSubmission","Some text"
"8f1634ee","2281d138","c529605e","2017-06-15 18:03:36","plagiarism","Some text"
"ec6ec090","d0ea10bf","fa2ea0f8","2017-01-04 06:38:55","other","Some text"
"bdef234f","dcb7be87","f080f13f","2017-06-30 10:23:28","incompleteSubmission","Some text"
"ac6d6fe0","98a38369","13cf7e14","2017-04-10 15:41:28","inappropriateContent","Some text"
"67ea12ce","dc7587f9","64ec3288","2016-04-12 12:08:46","incompleteSubmission","Some text"
"62de3021","1d9d80f9","6759a3b0","2017-04-26 00:35:03","incompleteSubmission","Some text"
"154f0c05","33896c4d","83e3573a","2016-09-26 17:57:14","plagiarism","Some text"
"971f390","a3ace847","5a934abb","2016-01-29 10:43:14","plagiarism","Some text"
"363c7bcb","15c5e5c2","82ba166b","2017-01-19 18:51:12","plagiarism","Some text"
"9029a2ab","286a134","f7330002","2017-05-16 17:28:45","other","Some text"
"facab1a3","52976849","48d319ee","2016-02-18 11:04:54","other","Some text"
"2a69d248","44bae271","c42cd168","2017-05-18 02:41:14","plagiarism","Some text"
"27665da4","439146fd","58a4590a","2016-05-06 08:18:53","incompleteSubmission","Some text"
"f0c03c34","ed40d6f7","e2e57368","2016-10-29 17:23:36","incompleteSubmission","Some text"
"1bc2ec10","91e0a557","13cf7e14","2016-09-21 13:12:35","other","Some text"
"6f11997e","570c98d7","930f93ab","2016-10-12 21:51:40","plagiarism","Some text"
"a065fb82","611f2e70","a1cad83a","2017-03-22 03:37:25","incompleteSubmission","Some text"
"c5a4a96f","a238fd77","1b27bdd7","2016-07-04 07:41:12","other","Some text"
"27664dea","1dd6c282","ad5214e6","2017-09-04 04:14:50","plagiarism","Some text"
"6673aa99","69f5469c","9b2f9152","2016-03-28 16:37:46","incompleteSubmission","Some text"
"89ca572a","917b2905","2f8b007a","2016-10-12 22:01:54","other","Some text"
"c85c1db0","99811bf2","e412f15a","2016-06-08 11:33:31","incompleteSubmission","Some text"
"a3fcb2ac","5388c7e0","61530247","2017-04-04 05:21:22","incompleteSubmission","Some text"
"98102242","5e6df5f2","cab2cb3f","2016-03-27 10:10:48","incompleteSubmission","Some text"
"a650af25","ca9d6e21","791f5c20","2017-09-25 04:47:21","other","Some text"
"c436065d","5b55ab82","8aa880e1","2016-01-28 03:35:35","plagiarism","Some text"
"87815562","59e6ae9","cc1d72d5","2016-09-04 07:11:50","incompleteSubmission","Some text"
"cf4b91e8","8dd637a9","31c67de3","2017-07-11 19:15:17","plagiarism","Some text"
"e0ad4bac","70ac3fcd","20647f94","2016-09-04 06:48:41","incompleteSubmission","Some text"
"143445b4","2e527a58","2f8b007a","2016-04-13 11:39:39","incompleteSubmission","Some text"
"ad851e01","ee7ae25f","31c67de3","2016-04-06 08:21:48","other","Some text"
"e43a64a3","bb5d422e","feb05e4a","2016-10-11 19:58:54","plagiarism","Some text"
"8b96cf2f","5fa96913","356c42f7","2016-05-13 13:26:33","plagiarism","Some text"
"30d31cdf","e05c6f62","4aed1c20","2016-05-24 07:09:50","plagiarism","Some text"
"fce2eb4e","f2cef46c","1135c8bf","2016-05-06 08:26:05","plagiarism","Some text"
"20e001ba","6559597b","31c67de3","2016-03-03 22:42:56","incompleteSubmission","Some text"
"46e6243c","6aff6923","55e1a790","2017-01-16 16:58:00","plagiarism","Some text"
"13bc7766","f2427df6","6c05fcf6","2016-07-19 04:54:42","other","Some text"
"c379ee09","54fe62a9","62701904","2016-09-11 23:53:54","plagiarism","Some text"
"8a877193","e05c6f62","7c1b033a","2017-03-22 21:26:48","incompleteSubmission","Some text"
"27d46d4a","ff82ab01","10f0541","2016-04-12 12:08:00","plagiarism","Some text"
"4d1652e4","508e60aa","a2f72273","2016-01-25 21:53:51","incompleteSubmission","Some text"
"7a4b886a","8a61588f","80bf7366","2016-10-19 08:29:09","plagiarism","Some text"
"c4e2e1b8","f3b0850a","45e9d40","2016-11-07 12:09:41","incompleteSubmission","Some text"
"7e19da9e","5c69232a","72006d09","2017-02-26 06:23:40","incompleteSubmission","Some text"
"4fdc25ca","f953065","a2f72273","2017-01-04 08:53:48","plagiarism","Some text"
"34c420dd","1662a1c1","cd4b17a7","2017-01-02 06:46:23","other","Some text"
"60239c4a","1859c013","6c05fcf6","2016-10-25 16:12:00","plagiarism","Some text"
"704db144","a8018d41","ee80e071","2017-03-26 14:45:06","plagiarism","Some text"
"529ba61c","e1458e81","6d7ef434","2016-03-05 17:13:27","plagiarism","Some text"
"8e645e92","e6a15fa9","fc69d8b3","2016-08-23 11:14:31","plagiarism","Some text"
"dbaebd6f","79ca0548","b80d480f","2016-08-22 22:47:10","incompleteSubmission","Some text"
"38abcd7b","c208418d","2d14bab4","2017-02-24 03:09:13","plagiarism","Some text"
"781b6207","a410215","791f5c20","2016-12-27 22:20:34","plagiarism","Some text"
"72bcf5b7","28a9caa9","cbbc3068","2016-04-13 06:42:24","plagiarism","Some text"
"3cd16663","f8018f87","30b4950a","2016-10-16 01:48:39","incompleteSubmission","Some text"
"abc66ad0","37bbb22e","fc69d8b3","2016-03-27 20:33:17","plagiarism","Some text"
"18b932b6","d2043e1d","6c05fcf6","2016-07-26 10:45:35","plagiarism","Some text"
"4840d92d","ddcb7dcb","bee351d8","2017-01-30 23:02:55","plagiarism","Some text"
"848e68e9","1c53c1de","d740f798","2017-05-14 12:42:01","plagiarism","Some text"
"bd0be482","5f6ae0cd","c25ae153","2016-06-19 03:11:41","incompleteSubmission","Some text"
"bbc018c1","33526e14","485fe94b","2016-10-03 21:23:52","incompleteSubmission","Some text"
"f7283ff","1ad60bb9","3c73b8d8","2017-06-23 17:22:24","other","Some text"
"e3998ed8","edc3da74","485fe94b","2016-06-19 03:18:02","plagiarism","Some text"
"abd39543","f1478843","485fe94b","2017-09-17 15:03:41","incompleteSubmission","Some text"
"ff2c459e","a5e06223","8be52edd","2016-09-26 17:44:51","incompleteSubmission","Some text"
"7fbca4d0","6a725ebc","aea2c668","2017-04-19 07:52:29","incompleteSubmission","Some text"
"3ba7a1a0","52aff30b","bb15cc66","2016-02-04 21:07:14","incompleteSubmission","Some text"
"792f2a26","fd2d1f48","195d2489","2017-02-07 03:38:54","plagiarism","Some text"
"2f85a5ca","da8098c1","a2f72273","2016-03-12 13:14:48","incompleteSubmission","Some text"
"a4b75b01","a9192bfd","6b65a79b","2016-07-20 10:50:07","plagiarism","Some text"
"e3b477a3","48b41cf5","20495995","2017-07-18 16:03:36","plagiarism","Some text"
"2054d1d7","756d847a","a0e6cecd","2016-04-08 18:55:09","plagiarism","Some text"
"af9da200","ce3ae719","1b27bdd7","2016-04-17 09:50:00","incompleteSubmission","Some text"
"2a221a2a","e4c9e3e1","1b2957a8","2016-09-26 18:08:59","incompleteSubmission","Some text"
"1f6e524","e1458e81","421bc046","2017-05-16 02:16:43","other","Some text"
"6b3829d","81210733","d178894e","2016-09-04 06:37:44","incompleteSubmission","Some text"
"efaaf14e","e2c0d044","9db4beaa","2017-08-21 19:59:47","incompleteSubmission","Some text"
"db5c2e6b","96d5d5de","31222e2","2016-10-21 02:16:49","incompleteSubmission","Some text"
"e2a6e64d","b4799258","f080f13f","2016-10-03 21:30:03","incompleteSubmission","Some text"
"9f72911","7cbfa592","c3d343a","2016-02-04 15:19:26","incompleteSubmission","Some text"
"a5e8753b","c9c3eb75","4de0e477","2016-04-27 13:02:10","incompleteSubmission","Some text"
"bad56a0c","4435200e","8f1d0ec7","2016-05-13 13:19:49","plagiarism","Some text"
"77e4f72","a8227abd","30b4950a","2016-02-15 20:57:58","incompleteSubmission","Some text"
"68f1c03c","c68a3ff7","ab59a88c","2016-12-29 09:51:43","plagiarism","Some text"
"8833bbd1","9588d549","ec9d3152","2017-02-18 15:19:54","plagiarism","Some text"
"e1c8712e","97120912","108d22b8","2016-03-10 00:35:29","incompleteSubmission","Some text"
"2f2f3609","707e6a70","f080f13f","2017-01-03 13:57:41","plagiarism","Some text"
"d899c1d6","39976843","deab59b0","2017-09-17 15:20:20","other","Some text"
"538b94d7","1d085d42","301962af","2016-05-13 13:29:34","plagiarism","Some text"
"fd526eb9","93024dc5","c7598d25","2016-10-04 03:08:52","incompleteSubmission","Some text"
"5fbf017c","6cf8d261","ae568fb9","2017-09-22 14:26:29","plagiarism","Some text"
